1,Albert,Woods,awoods0@sciencedirect.com,Male,205.156.205.4
2,Patrick,Watkins,pwatkins1@walmart.com,Male,166.161.229.118
3,Edward,Ward,eward2@opensource.org,Male,250.55.219.180
4,Heather,Day,hday3@google.com,Female,117.137.248.191
5,Shirley,Hamilton,shamilton4@vinaora.com,Female,52.167.198.4
6,Dennis,Hill,dhill5@paypal.com,Male,182.244.197.229
7,Juan,Ferguson,jferguson6@senate.gov,Male,94.189.51.114
8,Cynthia,Berry,cberry7@hud.gov,Female,11.76.128.74
9,Ralph,Perez,rperez8@imdb.com,Male,157.155.121.145
10,Jessica,Rice,jrice9@wp.com,Female,114.35.227.253
11,Sharon,Ray,sraya@uol.com.br,Female,132.239.133.215
12,Debra,Rodriguez,drodriguezb@hud.gov,Female,40.81.203.202
13,Jimmy,Dunn,jdunnc@amazon.co.uk,Male,204.197.71.87
14,Martha,Mendoza,mmendozad@latimes.com,Female,158.25.165.210
15,Larry,Cox,lcoxe@alibaba.com,Male,68.65.123.204
16,Anna,Price,apricef@earthlink.net,Female,211.243.234.12
17,Jonathan,Ferguson,jfergusong@wiley.com,Male,188.43.151.30
18,Jennifer,Hicks,jhicksh@godaddy.com,Female,129.141.137.249
19,Anthony,Harrison,aharrisoni@google.com.hk,Male,239.136.70.119
20,Jeremy,Gray,jgrayj@vk.com,Male,98.218.114.25
21,Lisa,Sullivan,lsullivank@howstuffworks.com,Female,7.163.190.183
22,Anthony,Lane,alanel@stumbleupon.com,Male,78.190.47.20
23,Joyce,Simmons,jsimmonsm@huffingtonpost.com,Female,88.167.191.240
24,Katherine,Porter,kportern@mysql.com,Female,50.11.199.171
25,Ralph,Ford,rfordo@google.nl,Male,128.237.21.118
26,Scott,Nguyen,snguyenp@soundcloud.com,Male,113.143.86.84
27,Robin,Fuller,rfullerq@cpanel.net,Female,247.28.195.119
28,Rebecca,Garrett,rgarrettr@1und1.de,Female,222.93.238.168
29,Linda,White,lwhites@washingtonpost.com,Female,232.10.248.213
30,Jose,Edwards,jedwardst@patch.com,Male,67.9.46.91
31,Lois,Rose,lroseu@ibm.com,Female,77.66.75.47
32,Ralph,Ward,rwardv@is.gd,Male,25.234.177.163
33,Douglas,Harvey,dharveyw@unesco.org,Male,103.56.177.211
34,Samuel,White,swhitex@wufoo.com,Male,233.213.184.197
35,Joshua,Long,jlongy@house.gov,Male,108.20.126.13
36,Fred,Fields,ffieldsz@digg.com,Male,66.60.132.57
37,Antonio,Lawrence,alawrence10@discovery.com,Male,173.231.254.140
38,Debra,Hunt,dhunt11@ucoz.ru,Female,31.233.227.60
39,Roger,Hughes,rhughes12@washingtonpost.com,Male,58.73.148.172
40,Katherine,Taylor,ktaylor13@storify.com,Female,107.178.0.53
41,Robert,Young,ryoung14@va.gov,Male,20.20.236.195
42,Jesse,Richardson,jrichardson15@imgur.com,Male,180.162.213.118
43,Andrew,Mason,amason16@4shared.com,Male,35.12.35.58
44,Carol,Roberts,croberts17@wunderground.com,Female,210.128.206.86
45,Kevin,Stanley,kstanley18@dailymail.co.uk,Male,80.129.15.3
46,Eugene,Austin,eaustin19@constantcontact.com,Male,145.117.231.44
47,Joshua,Cunningham,jcunningham1a@howstuffworks.com,Male,148.138.247.203
48,Norma,Morrison,nmorrison1b@fastcompany.com,Female,19.216.216.222
49,Jessica,Frazier,jfrazier1c@github.io,Female,202.152.240.29
50,Heather,Myers,hmyers1d@php.net,Female,50.247.113.127
51,Sandra,Peters,speters1e@paypal.com,Female,11.209.226.36
52,Irene,Hawkins,ihawkins1f@cbslocal.com,Female,214.32.197.196
53,Nicholas,Johnson,njohnson1g@bbb.org,Male,107.96.33.53
54,Nancy,Bishop,nbishop1h@sfgate.com,Female,55.216.163.35
55,Cheryl,Lopez,clopez1i@wikimedia.org,Female,140.118.132.64
56,Edward,Johnson,ejohnson1j@wikia.com,Male,62.162.161.155
57,Lillian,Knight,lknight1k@globo.com,Female,165.206.203.221
58,Katherine,Harrison,kharrison1l@hubpages.com,Female,10.77.168.226
59,Judy,Holmes,jholmes1m@pcworld.com,Female,254.171.185.168
60,Timothy,Bishop,tbishop1n@mac.com,Male,105.184.150.153
61,Peter,Alvarez,palvarez1o@shinystat.com,Male,37.6.10.8
62,Ernest,Griffin,egriffin1p@thetimes.co.uk,Male,249.167.250.43
63,Thomas,King,tking1q@businessinsider.com,Male,26.39.166.38
64,Janice,Frazier,jfrazier1r@dailymail.co.uk,Female,34.78.86.23
65,Mary,Daniels,mdaniels1s@google.fr,Female,128.149.254.42
66,Carolyn,Simmons,csimmons1t@goo.gl,Female,118.192.40.144
67,Bonnie,Weaver,bweaver1u@tiny.cc,Female,249.253.200.167
68,Lori,Butler,lbutler1v@macromedia.com,Female,34.147.188.142
69,Gregory,Peterson,gpeterson1w@xing.com,Male,5.228.48.155
70,Paul,Jenkins,pjenkins1x@xing.com,Male,11.235.58.222
71,Gloria,Perry,gperry1y@ifeng.com,Female,117.207.117.147
72,George,Jordan,gjordan1z@dedecms.com,Male,148.133.115.110
73,Jose,Wells,jwells20@mayoclinic.com,Male,44.57.216.220
74,Jean,Castillo,jcastillo21@prweb.com,Female,19.5.202.104
75,Aaron,Matthews,amatthews22@independent.co.uk,Male,14.109.74.86
76,Antonio,Harrison,aharrison23@facebook.com,Male,62.51.249.27
77,Betty,Moore,bmoore24@nature.com,Female,254.164.141.228
78,Justin,Torres,jtorres25@bravesites.com,Male,218.45.118.56
79,Harry,Stewart,hstewart26@gnu.org,Male,136.80.75.132
80,Louise,Ellis,lellis27@narod.ru,Female,160.96.152.118
81,Kathryn,Jacobs,kjacobs28@sourceforge.net,Female,202.180.35.108
82,Jose,Turner,jturner29@nba.com,Male,162.5.120.209
83,Eric,Oliver,eoliver2a@latimes.com,Male,186.244.139.105
84,Rose,Coleman,rcoleman2b@tumblr.com,Female,200.74.232.163
85,Justin,Ford,jford2c@oaic.gov.au,Male,46.87.41.48
86,Evelyn,Bell,ebell2d@fema.gov,Female,52.74.12.76
87,Jane,Montgomery,jmontgomery2e@wunderground.com,Female,120.231.209.70
88,Rachel,Myers,rmyers2f@amazon.co.uk,Female,3.216.141.107
89,Betty,Lawrence,blawrence2g@google.ca,Female,209.71.116.126
90,Harry,Thompson,hthompson2h@mit.edu,Male,60.221.19.176
91,Thomas,Montgomery,tmontgomery2i@army.mil,Male,12.188.109.39
92,Charles,Stephens,cstephens2j@ed.gov,Male,130.170.132.114
93,Tammy,Gutierrez,tgutierrez2k@paginegialle.it,Female,215.198.134.74
94,Kelly,Hill,khill2l@nih.gov,Female,25.71.39.16
95,Elizabeth,Evans,eevans2m@hostgator.com,Female,142.186.33.16
96,Sara,Garza,sgarza2n@phoca.cz,Female,93.247.63.253
97,Mark,Simmons,msimmons2o@mail.ru,Male,49.217.173.147
98,Kenneth,Marshall,kmarshall2p@ovh.net,Male,228.227.205.1
99,Shawn,Banks,sbanks2q@deviantart.com,Male,171.253.241.81
100,Emily,Taylor,etaylor2r@apache.org,Female,24.174.59.9
101,Robin,Howell,rhowell2s@networksolutions.com,Female,57.216.184.238
102,Cheryl,Elliott,celliott2t@eepurl.com,Female,226.124.182.212
103,Marilyn,Flores,mflores2u@wikimedia.org,Female,158.207.118.116
104,Mark,Oliver,moliver2v@meetup.com,Male,7.20.72.21
105,Shawn,Richards,srichards2w@arizona.edu,Male,71.69.62.161
106,Willie,Little,wlittle2x@mac.com,Male,228.142.244.74
107,Christine,King,cking2y@pagesperso-orange.fr,Female,69.168.5.55
108,Brandon,Morales,bmorales2z@zimbio.com,Male,28.173.170.163
109,Gregory,Boyd,gboyd30@washington.edu,Male,205.11.187.49
110,Marie,Armstrong,marmstrong31@adobe.com,Female,180.171.82.119
111,Gregory,Elliott,gelliott32@flavors.me,Male,20.204.54.50
112,Larry,Wright,lwright33@mayoclinic.com,Male,84.227.95.160
113,Doris,Reid,dreid34@google.co.uk,Female,13.219.173.54
114,Martha,Nelson,mnelson35@miibeian.gov.cn,Female,177.9.191.237
115,Wayne,Thompson,wthompson36@buzzfeed.com,Male,76.102.118.13
116,Linda,Garza,lgarza37@google.com.br,Female,76.210.94.145
117,Henry,Ferguson,hferguson38@stanford.edu,Male,18.114.113.205
118,Pamela,Cooper,pcooper39@java.com,Female,0.78.157.63
119,Mark,Moore,mmoore3a@ning.com,Male,147.24.174.189
120,Betty,Meyer,bmeyer3b@nymag.com,Female,253.167.8.83
121,Jack,Parker,jparker3c@xinhuanet.com,Male,209.170.84.53
122,Ruth,Owens,rowens3d@storify.com,Female,134.56.180.81
123,Shawn,Meyer,smeyer3e@ox.ac.uk,Male,92.129.67.194
124,Carl,Palmer,cpalmer3f@usnews.com,Male,26.90.171.227
125,Deborah,Wells,dwells3g@ca.gov,Female,118.131.240.92
126,Maria,Black,mblack3h@loc.gov,Female,57.169.67.111
127,Raymond,Gonzales,rgonzales3i@census.gov,Male,72.123.208.105
128,Louis,Fowler,lfowler3j@hao123.com,Male,33.55.190.50
129,Carl,Reid,creid3k@ed.gov,Male,57.32.142.174
130,Ralph,Rodriguez,rrodriguez3l@mac.com,Male,21.85.135.199
131,Patricia,Perkins,pperkins3m@microsoft.com,Female,59.23.157.210
132,Lisa,Morrison,lmorrison3n@symantec.com,Female,59.224.236.46
133,Jesse,Hudson,jhudson3o@mail.ru,Male,155.68.30.240
134,Wayne,Matthews,wmatthews3p@google.pl,Male,111.114.68.81
135,Antonio,Harris,aharris3q@blinklist.com,Male,19.145.86.175
136,Jacqueline,Greene,jgreene3r@theguardian.com,Female,17.193.64.50
137,Cynthia,Howard,choward3s@dropbox.com,Female,193.170.172.34
138,Fred,Simmons,fsimmons3t@oracle.com,Male,135.211.229.137
139,Karen,Gonzales,kgonzales3u@forbes.com,Female,77.77.246.155
140,Christine,Hansen,chansen3v@ed.gov,Female,68.5.113.147
141,Katherine,Fowler,kfowler3w@ucla.edu,Female,240.230.160.5
142,Steve,Wheeler,swheeler3x@sciencedaily.com,Male,13.45.238.164
143,Nicholas,Lawrence,nlawrence3y@g.co,Male,54.244.137.241
144,Lillian,Peters,lpeters3z@hatena.ne.jp,Female,38.12.8.50
145,Shawn,Harrison,sharrison40@163.com,Male,121.163.208.224
146,Andrea,Ortiz,aortiz41@google.ru,Female,163.27.129.125
147,Jose,Griffin,jgriffin42@friendfeed.com,Male,234.66.1.194
148,David,Lawson,dlawson43@qq.com,Male,234.182.245.68
149,Katherine,Wells,kwells44@studiopress.com,Female,234.242.128.56
150,Carlos,Dean,cdean45@ezinearticles.com,Male,24.78.186.132
151,Larry,Fernandez,lfernandez46@seesaa.net,Male,44.76.208.215
152,Mary,Daniels,mdaniels47@engadget.com,Female,197.234.107.34
153,Harold,Hunt,hhunt48@moonfruit.com,Male,141.254.14.78
154,Diana,Snyder,dsnyder49@ameblo.jp,Female,211.207.193.141
155,Juan,Garcia,jgarcia4a@bizjournals.com,Male,119.163.152.44
156,Patrick,Cruz,pcruz4b@youtube.com,Male,224.23.16.217
157,Robert,Hill,rhill4c@google.com.br,Male,130.231.117.146
158,Elizabeth,Anderson,eanderson4d@smugmug.com,Female,140.177.39.0
159,Daniel,Foster,dfoster4e@so-net.ne.jp,Male,58.80.245.45
160,Michael,Ellis,mellis4f@tiny.cc,Male,212.98.104.247
161,Louis,Cole,lcole4g@amazon.com,Male,37.11.182.245
162,Craig,Parker,cparker4h@sitemeter.com,Male,133.59.134.247
163,Kimberly,Simpson,ksimpson4i@fastcompany.com,Female,218.122.160.217
164,Irene,Myers,imyers4j@scribd.com,Female,101.32.49.241
165,Ronald,Berry,rberry4k@google.com.au,Male,70.221.165.36
166,Jason,Reid,jreid4l@dagondesign.com,Male,164.183.232.221
167,Charles,Stone,cstone4m@dailymotion.com,Male,157.219.168.157
168,Tammy,Burns,tburns4n@omniture.com,Female,26.102.102.154
169,Daniel,Patterson,dpatterson4o@unblog.fr,Male,255.0.101.113
170,Frank,Price,fprice4p@columbia.edu,Male,82.133.125.35
171,Fred,Wilson,fwilson4q@hugedomains.com,Male,49.156.214.26
172,Mark,Owens,mowens4r@gravatar.com,Male,229.219.157.10
173,Bobby,Martinez,bmartinez4s@purevolume.com,Male,237.176.211.162
174,Fred,Bennett,fbennett4t@furl.net,Male,49.198.182.112
175,Chris,Henderson,chenderson4u@technorati.com,Male,242.195.56.160
176,Gregory,Watson,gwatson4v@exblog.jp,Male,214.207.169.191
177,Teresa,Scott,tscott4w@symantec.com,Female,198.157.237.30
178,Mildred,Richards,mrichards4x@domainmarket.com,Female,197.37.232.207
179,Stephen,Bell,sbell4y@51.la,Male,50.60.150.224
180,Marie,Cunningham,mcunningham4z@independent.co.uk,Female,186.108.199.20
181,Timothy,Simpson,tsimpson50@feedburner.com,Male,138.179.207.224
182,Lori,Willis,lwillis51@java.com,Female,165.250.180.240
183,Mary,Garcia,mgarcia52@npr.org,Female,84.206.3.154
184,Antonio,Castillo,acastillo53@about.me,Male,41.188.97.25
185,Elizabeth,Wells,ewells54@weibo.com,Female,134.13.252.225
186,Ernest,Coleman,ecoleman55@japanpost.jp,Male,52.174.210.87
187,Mary,Reyes,mreyes56@goo.gl,Female,111.4.63.253
188,Johnny,Simpson,jsimpson57@indiatimes.com,Male,37.40.162.122
189,Irene,Price,iprice58@china.com.cn,Female,255.220.21.18
190,Michael,Wood,mwood59@weibo.com,Male,83.101.9.22
191,Ruth,Fisher,rfisher5a@whitehouse.gov,Female,251.206.119.228
192,Frances,Ford,fford5b@eventbrite.com,Female,181.197.89.95
193,Amy,Cooper,acooper5c@google.co.jp,Female,197.11.244.100
194,Karen,Dunn,kdunn5d@springer.com,Female,106.81.196.44
195,Kathleen,Woods,kwoods5e@usa.gov,Female,167.182.117.234
196,Daniel,Ramirez,dramirez5f@unblog.fr,Male,136.151.248.209
197,Henry,Gibson,hgibson5g@nymag.com,Male,35.174.177.195
198,Linda,Harris,lharris5h@independent.co.uk,Female,140.78.69.224
199,Beverly,Watson,bwatson5i@ftc.gov,Female,22.227.153.90
200,Carol,Richards,crichards5j@theguardian.com,Female,183.41.148.29
201,Julie,Alvarez,jalvarez5k@cloudflare.com,Female,254.120.253.253
202,Kathryn,Jordan,kjordan5l@gravatar.com,Female,155.82.253.250
203,John,Burton,jburton5m@odnoklassniki.ru,Male,30.72.175.225
204,Catherine,Powell,cpowell5n@deviantart.com,Female,104.132.50.188
205,Barbara,Sims,bsims5o@tripadvisor.com,Female,54.77.11.105
206,Marilyn,Bennett,mbennett5p@seattletimes.com,Female,189.139.124.158
207,Sean,Brown,sbrown5q@goodreads.com,Male,74.199.65.125
208,Wayne,Kelly,wkelly5r@nydailynews.com,Male,147.201.41.196
209,Roger,Thomas,rthomas5s@reuters.com,Male,210.51.177.208
210,Randy,Johnson,rjohnson5t@state.gov,Male,102.166.241.69
211,Jason,Stephens,jstephens5u@princeton.edu,Male,203.7.96.196
212,Elizabeth,Hunt,ehunt5v@topsy.com,Female,213.55.150.106
213,Mary,Ramos,mramos5w@mac.com,Female,78.91.27.29
214,Lois,Morris,lmorris5x@nature.com,Female,115.238.154.125
215,Carolyn,Evans,cevans5y@weather.com,Female,213.192.23.51
216,Melissa,Freeman,mfreeman5z@gnu.org,Female,196.239.7.252
217,Kelly,Gonzalez,kgonzalez60@arizona.edu,Female,7.81.94.7
218,Betty,Barnes,bbarnes61@pen.io,Female,154.157.167.104
219,Donna,Wells,dwells62@twitter.com,Female,131.207.235.42
220,Harold,Mason,hmason63@sun.com,Male,176.3.198.87
221,Jane,Price,jprice64@rambler.ru,Female,254.174.239.22
222,Gregory,Mitchell,gmitchell65@fda.gov,Male,246.217.130.215
223,Carolyn,Spencer,cspencer66@kickstarter.com,Female,186.38.174.235
224,Bonnie,Garcia,bgarcia67@tinyurl.com,Female,25.161.36.149
225,Diane,Oliver,doliver68@umich.edu,Female,206.196.47.42
226,Emily,Murray,emurray69@wikispaces.com,Female,141.186.185.60
227,Louise,Stewart,lstewart6a@patch.com,Female,90.238.179.138
228,Gerald,Miller,gmiller6b@washingtonpost.com,Male,228.116.116.129
229,Ronald,Medina,rmedina6c@ucsd.edu,Male,128.146.254.15
230,Paul,Nelson,pnelson6d@lycos.com,Male,125.253.163.200
231,Kevin,Griffin,kgriffin6e@sourceforge.net,Male,166.190.87.179
232,Jason,Long,jlong6f@mtv.com,Male,194.59.213.187
233,Beverly,Weaver,bweaver6g@cbc.ca,Female,227.124.38.100
234,Aaron,Perkins,aperkins6h@spotify.com,Male,140.192.147.26
235,John,Peterson,jpeterson6i@google.pl,Male,108.173.117.211
236,Shirley,Morris,smorris6j@ucoz.com,Female,99.220.238.139
237,Jennifer,Jordan,jjordan6k@etsy.com,Female,52.154.191.176
238,Rachel,Olson,rolson6l@ucsd.edu,Female,36.49.133.173
239,Marie,Stewart,mstewart6m@tripadvisor.com,Female,116.198.216.234
240,Elizabeth,Porter,eporter6n@bloomberg.com,Female,127.25.225.86
241,Jose,Ford,jford6o@dot.gov,Male,53.66.25.188
242,Ashley,Morgan,amorgan6p@ameblo.jp,Female,89.65.101.104
243,Kevin,Cox,kcox6q@ustream.tv,Male,64.154.184.157
244,Mildred,Bryant,mbryant6r@cyberchimps.com,Female,73.183.254.171
245,Jeffrey,Ruiz,jruiz6s@google.com.br,Male,189.49.207.10
246,Lois,Larson,llarson6t@kickstarter.com,Female,242.22.30.98
247,Betty,Johnston,bjohnston6u@ocn.ne.jp,Female,45.71.71.65
248,Rachel,Moore,rmoore6v@google.nl,Female,245.188.163.150
249,Earl,Richards,erichards6w@prlog.org,Male,59.226.38.38
250,Annie,Mccoy,amccoy6x@joomla.org,Female,144.88.15.186
251,Henry,Elliott,helliott6y@reverbnation.com,Male,10.216.46.234
252,Gerald,Mccoy,gmccoy6z@google.it,Male,169.255.101.177
253,Virginia,Cole,vcole70@g.co,Female,180.196.223.130
254,Lois,Day,lday71@shareasale.com,Female,147.168.36.101
255,Daniel,Garrett,dgarrett72@last.fm,Male,235.27.12.4
256,Debra,Rodriguez,drodriguez73@buzzfeed.com,Female,138.198.90.29
257,Jacqueline,Butler,jbutler74@oakley.com,Female,55.218.245.151
258,Keith,Jones,kjones75@slideshare.net,Male,118.1.136.24
259,Irene,Ramirez,iramirez76@fc2.com,Female,172.70.85.193
260,Walter,Ramos,wramos77@studiopress.com,Male,59.197.135.230
261,Antonio,Williams,awilliams78@php.net,Male,119.91.28.100
262,Ralph,Olson,rolson79@lycos.com,Male,209.61.70.22
263,William,Payne,wpayne7a@chicagotribune.com,Male,86.100.226.113
264,Harry,Rivera,hrivera7b@biblegateway.com,Male,212.143.74.192
265,Chris,Harper,charper7c@ox.ac.uk,Male,248.27.193.207
266,Louise,Little,llittle7d@berkeley.edu,Female,228.36.222.63
267,Jack,Willis,jwillis7e@weebly.com,Male,131.253.178.162
268,Sandra,Foster,sfoster7f@ning.com,Female,233.187.55.43
269,Stephen,George,sgeorge7g@noaa.gov,Male,97.209.187.10
270,Margaret,Franklin,mfranklin7h@devhub.com,Female,152.16.44.164
271,Shawn,Johnson,sjohnson7i@yahoo.com,Male,23.249.58.20
272,Stephanie,Carter,scarter7j@nymag.com,Female,65.0.122.145
273,Frances,Kelly,fkelly7k@trellian.com,Female,123.234.67.55
274,Jonathan,Dixon,jdixon7l@posterous.com,Male,33.24.255.188
275,Jean,Fields,jfields7m@engadget.com,Female,236.142.122.96
276,Gloria,Martinez,gmartinez7n@ezinearticles.com,Female,51.167.173.248
277,Scott,Evans,sevans7o@about.me,Male,179.167.235.233
278,Dorothy,Romero,dromero7p@4shared.com,Female,179.188.67.141
279,Julia,Perez,jperez7q@webs.com,Female,148.143.219.81
280,Harold,Day,hday7r@samsung.com,Male,183.87.160.100
281,Fred,Stevens,fstevens7s@bandcamp.com,Male,221.202.165.111
282,Johnny,James,jjames7t@springer.com,Male,71.8.221.37
283,Jeffrey,Gardner,jgardner7u@baidu.com,Male,179.171.82.30
284,Ann,Gordon,agordon7v@hp.com,Female,153.22.203.42
285,Jack,Wilson,jwilson7w@hexun.com,Male,141.254.135.127
286,Kenneth,Shaw,kshaw7x@nifty.com,Male,87.207.138.132
287,Katherine,Peters,kpeters7y@aol.com,Female,124.249.31.243
288,Sara,Gray,sgray7z@51.la,Female,58.124.66.225
289,Thomas,Sanchez,tsanchez80@google.com.au,Male,135.88.64.136
290,Deborah,Kennedy,dkennedy81@naver.com,Female,88.93.194.232
291,Jose,Robertson,jrobertson82@bloomberg.com,Male,231.227.157.110
292,Antonio,Wallace,awallace83@chicagotribune.com,Male,144.231.135.157
293,Diana,Gilbert,dgilbert84@arstechnica.com,Female,217.226.246.165
294,Bruce,Howard,bhoward85@ted.com,Male,33.146.1.158
295,Craig,Little,clittle86@businessinsider.com,Male,216.194.23.251
296,Chris,Walker,cwalker87@tripod.com,Male,218.215.158.241
297,Wayne,Robinson,wrobinson88@people.com.cn,Male,248.146.23.136
298,Robin,Knight,rknight89@nasa.gov,Female,102.209.195.150
299,Carl,Barnes,cbarnes8a@techcrunch.com,Male,68.74.32.202
300,Cheryl,Richardson,crichardson8b@latimes.com,Female,239.98.2.86
301,Rebecca,Owens,rowens8c@hugedomains.com,Female,60.27.216.2
302,Terry,Warren,twarren8d@fema.gov,Male,163.22.150.180
303,Kathy,Phillips,kphillips8e@sina.com.cn,Female,104.254.74.9
304,Jennifer,Howell,jhowell8f@nature.com,Female,4.10.75.128
305,George,Green,ggreen8g@naver.com,Male,254.127.86.104
306,Russell,Washington,rwashington8h@disqus.com,Male,211.47.233.137
307,Melissa,Richardson,mrichardson8i@webeden.co.uk,Female,191.83.83.121
308,Sara,Carpenter,scarpenter8j@chicagotribune.com,Female,4.19.109.138
309,Johnny,Hanson,jhanson8k@sourceforge.net,Male,179.174.162.165
310,Harry,Adams,hadams8l@cnbc.com,Male,227.46.148.11
311,Brandon,Mason,bmason8m@123-reg.co.uk,Male,201.32.102.153
312,Lois,Griffin,lgriffin8n@illinois.edu,Female,186.59.38.248
313,Sandra,Greene,sgreene8o@sphinn.com,Female,227.217.250.102
314,Donna,Harris,dharris8p@opensource.org,Female,139.83.98.92
315,Joseph,Banks,jbanks8q@unicef.org,Male,174.128.23.35
316,Anthony,Richards,arichards8r@eventbrite.com,Male,187.245.67.83
317,Larry,Jones,ljones8s@weebly.com,Male,49.177.88.28
318,Robin,Fields,rfields8t@is.gd,Female,195.112.118.227
319,Roy,Watson,rwatson8u@vk.com,Male,239.185.222.240
320,Sharon,Gutierrez,sgutierrez8v@amazon.de,Female,59.31.237.110
321,Randy,Duncan,rduncan8w@freewebs.com,Male,28.67.54.237
322,Carol,Hicks,chicks8x@a8.net,Female,60.49.182.18
323,Paul,Carr,pcarr8y@dot.gov,Male,44.34.84.93
324,Carolyn,Murray,cmurray8z@psu.edu,Female,68.30.187.124
325,Joshua,Bowman,jbowman90@over-blog.com,Male,37.82.236.237
326,Lawrence,Stewart,lstewart91@techcrunch.com,Male,43.185.42.45
327,Brian,Gibson,bgibson92@msn.com,Male,147.184.154.207
328,Tammy,Boyd,tboyd93@geocities.jp,Female,214.65.91.242
329,Harry,Stewart,hstewart94@arizona.edu,Male,7.165.197.182
330,Rebecca,Lawrence,rlawrence95@elegantthemes.com,Female,71.0.204.217
331,Rebecca,Richardson,rrichardson96@studiopress.com,Female,21.97.37.170
332,Martha,Bell,mbell97@geocities.com,Female,214.189.124.72
333,Brandon,Cunningham,bcunningham98@reddit.com,Male,79.224.66.206
334,Jean,Kelley,jkelley99@dedecms.com,Female,131.238.164.129
335,Melissa,Murphy,mmurphy9a@dot.gov,Female,18.222.14.189
336,Debra,Tucker,dtucker9b@devhub.com,Female,84.130.9.74
337,Denise,Reyes,dreyes9c@amazon.com,Female,8.101.239.81
338,Eugene,Frazier,efrazier9d@bloglovin.com,Male,246.111.236.32
339,Martha,Harvey,mharvey9e@newyorker.com,Female,188.107.59.252
340,Julia,Chavez,jchavez9f@cmu.edu,Female,231.167.238.84
341,Brenda,Owens,bowens9g@istockphoto.com,Female,135.58.223.41
342,Rachel,Burns,rburns9h@shutterfly.com,Female,184.237.48.104
343,Gloria,Morris,gmorris9i@nytimes.com,Female,171.220.222.225
344,Daniel,King,dking9j@webeden.co.uk,Male,60.214.147.179
345,Julia,Lewis,jlewis9k@sbwire.com,Female,47.243.161.223
346,Thomas,Jacobs,tjacobs9l@nature.com,Male,185.68.92.236
347,Ryan,Stevens,rstevens9m@slideshare.net,Male,176.156.117.178
348,Janice,Simpson,jsimpson9n@nih.gov,Female,175.231.135.239
349,Shawn,Davis,sdavis9o@shareasale.com,Male,69.78.55.246
350,Henry,Rose,hrose9p@spotify.com,Male,158.223.227.190
351,Jacqueline,Ray,jray9q@blog.com,Female,156.208.143.7
352,Fred,Hicks,fhicks9r@mashable.com,Male,117.142.241.222
353,Judy,Mccoy,jmccoy9s@hexun.com,Female,50.59.169.72
354,Carolyn,Bishop,cbishop9t@tuttocitta.it,Female,84.12.91.1
355,Deborah,Crawford,dcrawford9u@hatena.ne.jp,Female,100.249.137.229
356,Carlos,Mills,cmills9v@dell.com,Male,23.178.25.219
357,Victor,Reed,vreed9w@geocities.jp,Male,240.20.53.30
358,Shawn,Harvey,sharvey9x@histats.com,Male,2.125.76.12
359,Charles,Diaz,cdiaz9y@shutterfly.com,Male,241.178.192.117
360,Joshua,George,jgeorge9z@jigsy.com,Male,155.96.119.28
361,Walter,Johnson,wjohnsona0@cloudflare.com,Male,48.77.177.19
362,Phillip,Hart,pharta1@issuu.com,Male,189.98.229.89
363,Norma,Gonzalez,ngonzaleza2@feedburner.com,Female,200.20.202.86
364,Sandra,Dixon,sdixona3@slashdot.org,Female,162.242.38.245
365,Mildred,Franklin,mfranklina4@w3.org,Female,29.205.62.232
366,Sarah,Patterson,spattersona5@home.pl,Female,197.63.187.251
367,Walter,Williams,wwilliamsa6@thetimes.co.uk,Male,209.90.40.255
368,Craig,Garza,cgarzaa7@blogger.com,Male,43.11.66.219
369,Jerry,Ray,jraya8@w3.org,Male,226.91.196.111
370,Raymond,Diaz,rdiaza9@odnoklassniki.ru,Male,47.94.208.121
371,Lori,Garcia,lgarciaaa@narod.ru,Female,68.110.40.30
372,Jane,Morales,jmoralesab@theguardian.com,Female,138.253.102.136
373,Karen,Foster,kfosterac@msu.edu,Female,174.163.68.246
374,David,Smith,dsmithad@barnesandnoble.com,Male,88.133.233.108
375,Laura,Watkins,lwatkinsae@fotki.com,Female,132.143.52.43
376,Victor,Hamilton,vhamiltonaf@wired.com,Male,44.35.222.97
377,Frank,Torres,ftorresag@adobe.com,Male,220.169.161.66
378,Brian,Meyer,bmeyerah@bluehost.com,Male,220.104.59.235
379,Carl,Morgan,cmorganai@moonfruit.com,Male,159.121.112.199
380,Ryan,Burns,rburnsaj@blogspot.com,Male,176.154.15.170
381,Heather,Willis,hwillisak@fastcompany.com,Female,231.98.142.151
382,Walter,Wheeler,wwheeleral@blogtalkradio.com,Male,167.89.62.196
383,Norma,Pierce,npierceam@trellian.com,Female,56.250.72.98
384,Bruce,James,bjamesan@last.fm,Male,63.27.77.105
385,Timothy,Matthews,tmatthewsao@is.gd,Male,155.109.110.118
386,Joseph,Mason,jmasonap@rediff.com,Male,103.208.100.21
387,Kathy,Rogers,krogersaq@telegraph.co.uk,Female,53.23.133.68
388,Gerald,Franklin,gfranklinar@mozilla.org,Male,167.40.160.171
389,Kelly,Ellis,kellisas@domainmarket.com,Female,175.172.74.22
390,Raymond,Knight,rknightat@buzzfeed.com,Male,167.236.253.65
391,Edward,Fisher,efisherau@booking.com,Male,152.62.91.86
392,Sara,Pierce,spierceav@google.fr,Female,200.154.188.231
393,Andrea,Wheeler,awheeleraw@xing.com,Female,60.24.118.123
394,Harry,Crawford,hcrawfordax@networkadvertising.org,Male,151.51.91.87
395,Anne,Mendoza,amendozaay@stanford.edu,Female,241.249.189.102
396,Bruce,White,bwhiteaz@theglobeandmail.com,Male,135.202.135.64
397,Ryan,Edwards,redwardsb0@hexun.com,Male,235.59.42.165
398,Jesse,West,jwestb1@typepad.com,Male,190.172.33.208
399,Robert,Crawford,rcrawfordb2@yolasite.com,Male,34.96.113.187
400,Brandon,Burns,bburnsb3@baidu.com,Male,21.24.33.147
401,Dorothy,Garrett,dgarrettb4@topsy.com,Female,112.237.189.239
402,Brian,Griffin,bgriffinb5@tumblr.com,Male,11.227.55.242
403,Jacqueline,Watson,jwatsonb6@ycombinator.com,Female,17.74.177.177
404,Rose,Hart,rhartb7@intel.com,Female,196.234.97.65
405,Robert,Robertson,rrobertsonb8@earthlink.net,Male,92.124.118.251
406,Bobby,Schmidt,bschmidtb9@bizjournals.com,Male,111.83.47.233
407,Terry,Bell,tbellba@themeforest.net,Male,12.104.158.217
408,Irene,Parker,iparkerbb@cnet.com,Female,35.125.130.174
409,Barbara,Carter,bcarterbc@google.fr,Female,56.29.70.42
410,Rebecca,Richardson,rrichardsonbd@chron.com,Female,24.37.211.12
411,Mary,Wilson,mwilsonbe@loc.gov,Female,130.140.224.237
412,Evelyn,Carr,ecarrbf@i2i.jp,Female,68.130.34.61
413,Charles,Woods,cwoodsbg@devhub.com,Male,15.60.233.231
414,Henry,Baker,hbakerbh@toplist.cz,Male,212.223.247.222
415,Steven,Stewart,sstewartbi@hhs.gov,Male,141.107.5.0
416,Matthew,Adams,madamsbj@phpbb.com,Male,218.49.99.128
417,Cheryl,Richards,crichardsbk@ca.gov,Female,150.13.69.170
418,Shirley,Mcdonald,smcdonaldbl@ibm.com,Female,11.246.127.154
419,Doris,Armstrong,darmstrongbm@surveymonkey.com,Female,118.29.33.109
420,Roger,Gilbert,rgilbertbn@g.co,Male,103.154.82.29
421,Karen,Warren,kwarrenbo@independent.co.uk,Female,225.107.226.255
422,Marilyn,Hart,mhartbp@goodreads.com,Female,162.77.100.242
423,Lawrence,Bell,lbellbq@sogou.com,Male,78.149.120.10
424,Virginia,Rodriguez,vrodriguezbr@edublogs.org,Female,82.142.111.174
425,Johnny,Kim,jkimbs@dropbox.com,Male,95.133.137.161
426,George,Carter,gcarterbt@networksolutions.com,Male,220.100.166.141
427,Phyllis,Burke,pburkebu@loc.gov,Female,237.122.244.158
428,Heather,Hunt,hhuntbv@mapy.cz,Female,8.85.107.39
429,Linda,Carter,lcarterbw@amazonaws.com,Female,186.140.212.106
430,Jack,Hughes,jhughesbx@shareasale.com,Male,128.35.59.39
431,Jacqueline,Burton,jburtonby@answers.com,Female,180.27.156.252
432,Fred,Reid,freidbz@people.com.cn,Male,200.182.191.23
433,Catherine,Smith,csmithc0@ft.com,Female,48.42.51.80
434,Thomas,Barnes,tbarnesc1@usgs.gov,Male,17.245.66.244
435,David,Kennedy,dkennedyc2@mozilla.org,Male,19.150.195.60
436,Kenneth,Griffin,kgriffinc3@sun.com,Male,236.124.3.69
437,Louis,Jenkins,ljenkinsc4@arizona.edu,Male,19.12.22.143
438,Justin,Morrison,jmorrisonc5@biblegateway.com,Male,154.77.182.107
439,Arthur,Johnson,ajohnsonc6@youtu.be,Male,65.122.158.23
440,Sharon,Mitchell,smitchellc7@csmonitor.com,Female,186.194.57.86
441,Albert,Fernandez,afernandezc8@craigslist.org,Male,247.106.181.132
442,Victor,Austin,vaustinc9@berkeley.edu,Male,227.9.164.231
443,Gary,Duncan,gduncanca@ezinearticles.com,Male,133.204.136.114
444,Bonnie,Rivera,briveracb@google.ru,Female,97.208.7.85
445,Amanda,Ford,afordcc@1688.com,Female,134.184.225.219
446,Paul,Burke,pburkecd@google.de,Male,165.107.14.47
447,Brandon,Romero,bromeroce@shareasale.com,Male,248.251.231.76
448,Kathryn,Owens,kowenscf@google.es,Female,206.150.66.72
449,Steve,Lawrence,slawrencecg@odnoklassniki.ru,Male,1.38.24.115
450,Catherine,Ortiz,cortizch@i2i.jp,Female,69.109.77.20
451,Wanda,Payne,wpayneci@fotki.com,Female,92.79.161.82
452,Linda,Wagner,lwagnercj@i2i.jp,Female,157.216.213.78
453,Walter,Snyder,wsnyderck@themeforest.net,Male,31.41.20.92
454,Alan,Weaver,aweavercl@mapy.cz,Male,85.76.141.120
455,Fred,Scott,fscottcm@xrea.com,Male,99.189.58.68
456,Douglas,Oliver,dolivercn@linkedin.com,Male,225.176.157.225
457,Paula,Walker,pwalkerco@deviantart.com,Female,123.191.115.158
458,Martin,Patterson,mpattersoncp@goo.ne.jp,Male,136.103.176.243
459,Rachel,Stephens,rstephenscq@auda.org.au,Female,70.210.81.236
460,Joyce,Hernandez,jhernandezcr@ebay.co.uk,Female,136.199.166.34
461,Bobby,Bennett,bbennettcs@live.com,Male,221.175.98.242
462,Joyce,Freeman,jfreemanct@pagesperso-orange.fr,Female,240.115.167.185
463,Louis,Turner,lturnercu@seattletimes.com,Male,116.80.199.118
464,Harold,Stone,hstonecv@altervista.org,Male,145.34.64.20
465,Shirley,Reed,sreedcw@altervista.org,Female,167.60.112.217
466,Carolyn,Mills,cmillscx@printfriendly.com,Female,63.54.191.124
467,Amy,Thompson,athompsoncy@weebly.com,Female,32.13.157.112
468,Billy,Perez,bperezcz@wikia.com,Male,171.16.87.230
469,Donald,Garcia,dgarciad0@state.tx.us,Male,72.74.224.102
470,Nancy,Butler,nbutlerd1@newyorker.com,Female,235.65.254.110
471,Patricia,Gordon,pgordond2@ucla.edu,Female,140.167.249.232
472,Craig,Hamilton,chamiltond3@google.pl,Male,96.158.77.98
473,Lori,Mills,lmillsd4@un.org,Female,231.205.32.58
474,Willie,Jackson,wjacksond5@apple.com,Male,190.97.71.201
475,Sara,Hicks,shicksd6@redcross.org,Female,23.194.158.41
476,Lori,Sanders,lsandersd7@illinois.edu,Female,185.136.121.31
477,Martin,Thomas,mthomasd8@twitter.com,Male,170.249.91.234
478,Fred,Medina,fmedinad9@nytimes.com,Male,29.12.190.192
479,Tina,Morgan,tmorganda@google.fr,Female,9.75.174.62
480,Wayne,Tucker,wtuckerdb@technorati.com,Male,149.93.139.124
481,Kelly,Carroll,kcarrolldc@ucoz.ru,Female,15.11.38.182
482,Keith,Gutierrez,kgutierrezdd@spotify.com,Male,174.190.38.211
483,Alice,Romero,aromerode@1und1.de,Female,134.219.55.30
484,Lawrence,Alexander,lalexanderdf@tinypic.com,Male,224.61.237.90
485,Betty,Schmidt,bschmidtdg@google.de,Female,210.218.250.96
486,Albert,Mendoza,amendozadh@tripadvisor.com,Male,121.80.242.13
487,Brenda,Burton,bburtondi@blogger.com,Female,181.165.86.247
488,Cheryl,Stewart,cstewartdj@digg.com,Female,150.245.119.78
489,Joan,Stevens,jstevensdk@census.gov,Female,217.56.158.144
490,Daniel,Larson,dlarsondl@nature.com,Male,195.64.223.243
491,Walter,Carter,wcarterdm@devhub.com,Male,15.193.37.136
492,George,Gonzales,ggonzalesdn@epa.gov,Male,72.241.239.113
493,Robin,Cole,rcoledo@cocolog-nifty.com,Female,140.131.53.62
494,Margaret,Hayes,mhayesdp@indiegogo.com,Female,164.2.82.159
495,Linda,Carr,lcarrdq@unesco.org,Female,45.211.142.111
496,Adam,Bennett,abennettdr@newsvine.com,Male,136.49.169.201
497,Nancy,Wallace,nwallaceds@marketwatch.com,Female,9.183.246.180
498,Betty,Rogers,brogersdt@blogspot.com,Female,5.131.184.6
499,Diane,Fox,dfoxdu@de.vu,Female,143.160.179.55
500,Chris,Miller,cmillerdv@sphinn.com,Male,129.13.228.104
501,Dennis,Lawrence,dlawrencedw@facebook.com,Male,141.97.212.67
502,Deborah,Sanders,dsandersdx@liveinternet.ru,Female,210.138.106.197
503,Joan,Morris,jmorrisdy@4shared.com,Female,173.134.234.242
504,Brenda,Spencer,bspencerdz@list-manage.com,Female,66.40.62.25
505,John,Cruz,jcruze0@cocolog-nifty.com,Male,82.209.157.235
506,Jerry,Hayes,jhayese1@addthis.com,Male,100.9.22.75
507,Larry,Garza,lgarzae2@omniture.com,Male,224.121.62.166
508,Raymond,Mccoy,rmccoye3@networkadvertising.org,Male,94.189.4.123
509,Joshua,Lewis,jlewise4@naver.com,Male,247.140.36.209
510,Diana,Little,dlittlee5@i2i.jp,Female,175.37.136.20
511,John,Burke,jburkee6@twitter.com,Male,69.36.92.28
512,Scott,Johnson,sjohnsone7@ycombinator.com,Male,37.226.92.198
513,Virginia,Meyer,vmeyere8@blinklist.com,Female,35.216.55.163
514,Ronald,Green,rgreene9@yandex.ru,Male,69.184.25.150
515,Victor,Peterson,vpetersonea@theguardian.com,Male,210.100.155.181
516,Bruce,Gilbert,bgilberteb@sourceforge.net,Male,149.248.106.104
517,Michelle,Little,mlittleec@feedburner.com,Female,224.134.204.147
518,Laura,Ward,lwarded@pagesperso-orange.fr,Female,54.100.37.220
519,Peter,Peterson,ppetersonee@wired.com,Male,213.76.231.59
520,Ruth,Hart,rhartef@i2i.jp,Female,123.70.234.236
521,Brenda,Wells,bwellseg@pinterest.com,Female,190.147.241.55
522,Cynthia,Berry,cberryeh@theglobeandmail.com,Female,4.251.70.24
523,Sara,Vasquez,svasquezei@freewebs.com,Female,10.124.18.72
524,Alice,Alexander,aalexanderej@unblog.fr,Female,145.172.251.162
525,Adam,Mcdonald,amcdonaldek@flavors.me,Male,245.107.36.148
526,Gloria,Sanchez,gsanchezel@baidu.com,Female,12.206.40.209
527,Sharon,Foster,sfosterem@merriam-webster.com,Female,64.130.132.128
528,Dennis,Bishop,dbishopen@weebly.com,Male,105.129.216.248
529,Howard,Grant,hgranteo@who.int,Male,233.128.62.203
530,Jerry,Carroll,jcarrollep@mozilla.com,Male,116.210.214.62
531,Patrick,Powell,ppowelleq@github.io,Male,101.207.216.199
532,Marilyn,King,mkinger@guardian.co.uk,Female,180.12.31.113
533,Henry,Burke,hburkees@cafepress.com,Male,59.82.237.91
534,Sharon,Fox,sfoxet@loc.gov,Female,111.2.39.146
535,Lois,Henderson,lhendersoneu@wordpress.org,Female,13.17.82.90
536,David,Weaver,dweaverev@youtu.be,Male,137.70.13.126
537,Jeffrey,Wheeler,jwheelerew@paypal.com,Male,233.116.8.84
538,Anthony,Burke,aburkeex@feedburner.com,Male,78.41.79.148
539,Katherine,Fowler,kfowlerey@mysql.com,Female,214.94.187.52
540,Bruce,Bishop,bbishopez@networksolutions.com,Male,245.33.210.169
541,Jane,Thomas,jthomasf0@gov.uk,Female,230.254.163.109
542,Joe,Coleman,jcolemanf1@acquirethisname.com,Male,8.77.128.176
543,Katherine,Fuller,kfullerf2@weebly.com,Female,12.53.19.72
544,Thomas,Hernandez,thernandezf3@about.com,Male,8.205.212.202
545,Carlos,Little,clittlef4@macromedia.com,Male,52.191.220.220
546,Arthur,Alvarez,aalvarezf5@w3.org,Male,195.165.246.138
547,Judy,Jacobs,jjacobsf6@liveinternet.ru,Female,1.36.117.75
548,Joshua,Chavez,jchavezf7@bravesites.com,Male,30.84.144.45
549,Robin,Porter,rporterf8@usnews.com,Female,238.109.38.92
550,Jose,Ray,jrayf9@nymag.com,Male,251.154.209.120
551,Eugene,Hunt,ehuntfa@flavors.me,Male,186.189.192.96
552,Debra,Thompson,dthompsonfb@myspace.com,Female,91.16.17.24
553,John,Garrett,jgarrettfc@privacy.gov.au,Male,221.166.37.69
554,Gerald,Foster,gfosterfd@wordpress.com,Male,164.168.82.222
555,Janice,Miller,jmillerfe@who.int,Female,36.46.48.106
556,Ernest,Kennedy,ekennedyff@cnn.com,Male,111.125.38.105
557,Dennis,Reynolds,dreynoldsfg@prweb.com,Male,90.162.214.77
558,Samuel,Ward,swardfh@blogger.com,Male,189.165.210.179
559,Thomas,Morales,tmoralesfi@ftc.gov,Male,38.205.28.136
560,Todd,Romero,tromerofj@i2i.jp,Male,77.9.137.158
561,Kathleen,Jacobs,kjacobsfk@istockphoto.com,Female,114.170.70.241
562,Kelly,Harper,kharperfl@123-reg.co.uk,Female,225.77.44.76
563,Jesse,Cox,jcoxfm@tumblr.com,Male,223.7.70.13
564,Antonio,Collins,acollinsfn@about.me,Male,16.92.139.153
565,Sara,Day,sdayfo@mozilla.com,Female,59.176.96.100
566,Ruth,Martin,rmartinfp@ted.com,Female,71.83.156.138
567,Wayne,Henderson,whendersonfq@nytimes.com,Male,93.242.68.254
568,Mark,Patterson,mpattersonfr@google.com,Male,92.247.97.158
569,Jack,Martinez,jmartinezfs@nsw.gov.au,Male,43.13.130.11
570,Paula,Ross,prossft@boston.com,Female,70.220.112.122
571,Beverly,Adams,badamsfu@google.com.hk,Female,104.207.192.132
572,Barbara,Richardson,brichardsonfv@163.com,Female,15.250.93.111
573,Philip,Franklin,pfranklinfw@msu.edu,Male,124.75.16.243
574,Christine,Fuller,cfullerfx@storify.com,Female,48.129.116.225
575,Bruce,Williams,bwilliamsfy@dagondesign.com,Male,225.18.63.157
576,Jeffrey,Nichols,jnicholsfz@unc.edu,Male,78.204.22.10
577,Lisa,Reed,lreedg0@about.me,Female,22.32.215.64
578,Raymond,Kim,rkimg1@zdnet.com,Male,3.181.254.186
579,Michelle,Porter,mporterg2@discuz.net,Female,66.121.176.84
580,Shirley,Diaz,sdiazg3@icio.us,Female,195.21.168.189
581,Robert,Freeman,rfreemang4@ning.com,Male,92.11.92.87
582,Dorothy,Burke,dburkeg5@google.ca,Female,51.176.96.96
583,Jessica,Rose,jroseg6@dagondesign.com,Female,175.168.248.92
584,Scott,Kennedy,skennedyg7@g.co,Male,43.171.61.65
585,Stephanie,Smith,ssmithg8@miitbeian.gov.cn,Female,233.91.82.99
586,Margaret,Ortiz,mortizg9@paginegialle.it,Female,242.71.102.170
587,Jose,Baker,jbakerga@tumblr.com,Male,150.119.149.142
588,David,Reyes,dreyesgb@geocities.com,Male,92.174.186.16
589,Joshua,Reed,jreedgc@instagram.com,Male,70.101.172.39
590,Jose,Mills,jmillsgd@dailymail.co.uk,Male,198.105.203.18
591,Henry,Gilbert,hgilbertge@ameblo.jp,Male,138.189.198.235
592,Christina,Boyd,cboydgf@reference.com,Female,164.153.54.143
593,Ruby,Sims,rsimsgg@cocolog-nifty.com,Female,120.37.218.116
594,Scott,Myers,smyersgh@apple.com,Male,119.152.107.148
595,Keith,Elliott,kelliottgi@domainmarket.com,Male,35.64.22.0
596,Lois,Smith,lsmithgj@globo.com,Female,64.32.97.105
597,Nicole,Richardson,nrichardsongk@youtu.be,Female,125.143.68.179
598,Lawrence,White,lwhitegl@webmd.com,Male,219.1.19.43
599,Mildred,Watkins,mwatkinsgm@github.com,Female,119.28.32.227
600,Ralph,Lee,rleegn@typepad.com,Male,131.123.163.54
601,Jacqueline,Parker,jparkergo@sciencedaily.com,Female,176.131.101.123
602,Richard,Franklin,rfranklingp@buzzfeed.com,Male,170.235.20.0
603,Jeremy,Morris,jmorrisgq@gravatar.com,Male,173.64.210.205
604,Angela,Henderson,ahendersongr@techcrunch.com,Female,85.251.15.115
605,Angela,White,awhitegs@tripod.com,Female,126.19.157.84
606,Jennifer,Walker,jwalkergt@bizjournals.com,Female,149.162.66.165
607,Joan,Oliver,jolivergu@msu.edu,Female,219.65.58.45
608,Theresa,Sanders,tsandersgv@ow.ly,Female,203.75.14.98
609,Scott,Smith,ssmithgw@multiply.com,Male,27.33.230.207
610,Brian,Matthews,bmatthewsgx@creativecommons.org,Male,235.237.198.154
611,Ashley,Watkins,awatkinsgy@unesco.org,Female,56.190.117.242
612,Margaret,Fox,mfoxgz@oaic.gov.au,Female,175.3.137.209
613,Shirley,Reid,sreidh0@jiathis.com,Female,165.2.81.80
614,Theresa,Spencer,tspencerh1@hud.gov,Female,51.58.247.146
615,Anne,Harper,aharperh2@engadget.com,Female,32.250.189.62
616,Stephanie,Ferguson,sfergusonh3@amazon.co.jp,Female,246.216.170.135
617,Shawn,Hunter,shunterh4@mayoclinic.com,Male,221.97.116.50
618,Martha,Campbell,mcampbellh5@pcworld.com,Female,121.6.207.201
619,Scott,Patterson,spattersonh6@xrea.com,Male,247.10.85.159
620,Thomas,Weaver,tweaverh7@cbc.ca,Male,143.221.52.192
621,Sharon,Freeman,sfreemanh8@last.fm,Female,106.36.167.131
622,Jack,Ward,jwardh9@amazon.co.jp,Male,113.4.181.226
623,Ronald,Peters,rpetersha@mail.ru,Male,96.205.141.144
624,Patricia,Knight,pknighthb@woothemes.com,Female,72.107.33.26
625,Thomas,Larson,tlarsonhc@businessinsider.com,Male,203.204.137.20
626,Helen,Schmidt,hschmidthd@ocn.ne.jp,Female,240.247.121.119
627,Karen,Gardner,kgardnerhe@cargocollective.com,Female,99.223.141.149
628,Henry,Mitchell,hmitchellhf@go.com,Male,3.98.138.205
629,Sean,Green,sgreenhg@nasa.gov,Male,33.91.223.71
630,Joyce,Mcdonald,jmcdonaldhh@zimbio.com,Female,187.155.234.161
631,Doris,Johnston,djohnstonhi@xing.com,Female,80.236.226.116
632,Carl,Morrison,cmorrisonhj@earthlink.net,Male,94.206.199.11
633,Philip,Perkins,pperkinshk@nhs.uk,Male,78.229.55.126
634,Joshua,Wood,jwoodhl@indiegogo.com,Male,224.74.92.189
635,Steven,Harrison,sharrisonhm@yolasite.com,Male,159.136.196.41
636,Scott,Palmer,spalmerhn@toplist.cz,Male,223.211.187.4
637,Emily,Andrews,eandrewsho@devhub.com,Female,206.54.181.11
638,Martha,Hanson,mhansonhp@cnet.com,Female,201.232.131.9
639,Matthew,Thompson,mthompsonhq@sbwire.com,Male,96.7.112.208
640,Kimberly,Boyd,kboydhr@canalblog.com,Female,248.196.65.116
641,Robin,Rogers,rrogershs@rakuten.co.jp,Female,216.6.236.68
642,Roger,Robinson,rrobinsonht@github.io,Male,30.129.222.91
643,Andrea,Moore,amoorehu@bloglines.com,Female,159.216.130.21
644,Henry,King,hkinghv@weibo.com,Male,23.49.225.46
645,Heather,Cooper,hcooperhw@parallels.com,Female,218.188.248.49
646,Barbara,Brooks,bbrookshx@blogspot.com,Female,140.177.99.22
647,Harry,Perez,hperezhy@washingtonpost.com,Male,94.140.132.97
648,Doris,Cox,dcoxhz@goodreads.com,Female,154.186.84.166
649,Anne,Diaz,adiazi0@blog.com,Female,150.80.22.59
650,Rachel,Willis,rwillisi1@cnn.com,Female,105.198.222.4
651,Norma,Pierce,npiercei2@wikispaces.com,Female,213.164.236.151
652,Raymond,Hughes,rhughesi3@icq.com,Male,83.249.43.25
653,Matthew,Garcia,mgarciai4@cargocollective.com,Male,92.48.6.98
654,William,Brown,wbrowni5@furl.net,Male,71.22.226.245
655,Nicholas,Bradley,nbradleyi6@prnewswire.com,Male,25.120.38.247
656,Daniel,Austin,daustini7@dagondesign.com,Male,253.102.112.238
657,Carol,Baker,cbakeri8@aboutads.info,Female,222.231.86.80
658,Andrea,Kennedy,akennedyi9@rakuten.co.jp,Female,25.243.241.51
659,Sarah,Burton,sburtonia@guardian.co.uk,Female,144.27.2.81
660,Jack,Powell,jpowellib@disqus.com,Male,206.175.138.250
661,John,George,jgeorgeic@angelfire.com,Male,132.24.62.84
662,Kathryn,Matthews,kmatthewsid@51.la,Female,69.9.194.68
663,Christina,Lawrence,clawrenceie@google.pl,Female,46.224.132.134
664,Rebecca,Franklin,rfranklinif@patch.com,Female,34.4.108.154
665,Kenneth,Brooks,kbrooksig@cocolog-nifty.com,Male,252.208.44.154
666,Ruth,Burns,rburnsih@oaic.gov.au,Female,135.25.65.1
667,Ashley,Carroll,acarrollii@last.fm,Female,114.206.133.222
668,Christopher,Graham,cgrahamij@hubpages.com,Male,6.231.93.225
669,Jason,Wheeler,jwheelerik@ycombinator.com,Male,208.101.66.189
670,Sean,Washington,swashingtonil@soup.io,Male,220.53.103.23
671,Todd,Myers,tmyersim@g.co,Male,115.205.38.108
672,Christina,Mitchell,cmitchellin@free.fr,Female,9.0.222.125
673,Cynthia,Bradley,cbradleyio@angelfire.com,Female,45.0.150.78
674,Craig,Ramos,cramosip@tamu.edu,Male,145.6.85.127
675,Edward,Lee,eleeiq@marketwatch.com,Male,96.226.234.150
676,David,Wells,dwellsir@nbcnews.com,Male,217.120.97.241
677,Janet,Castillo,jcastillois@prlog.org,Female,197.96.245.165
678,Mary,Lopez,mlopezit@angelfire.com,Female,87.67.35.178
679,Todd,Harper,tharperiu@linkedin.com,Male,212.209.145.202
680,Wanda,Young,wyoungiv@ocn.ne.jp,Female,170.165.149.238
681,Albert,Owens,aowensiw@toplist.cz,Male,148.28.147.195
682,Bobby,Reynolds,breynoldsix@google.com.hk,Male,106.64.186.197
683,Ronald,Moore,rmooreiy@ameblo.jp,Male,58.37.9.254
684,Jennifer,Martin,jmartiniz@msu.edu,Female,43.168.199.52
685,Marie,Hicks,mhicksj0@house.gov,Female,187.32.193.192
686,Ashley,Gibson,agibsonj1@github.com,Female,44.179.31.255
687,Scott,Baker,sbakerj2@mashable.com,Male,135.15.9.95
688,Aaron,Price,apricej3@godaddy.com,Male,70.13.45.188
689,Phyllis,Brooks,pbrooksj4@cbsnews.com,Female,7.0.67.146
690,Angela,Harrison,aharrisonj5@seesaa.net,Female,57.216.80.161
691,Frances,Lawrence,flawrencej6@skype.com,Female,109.73.135.254
692,Carolyn,Ray,crayj7@geocities.com,Female,203.20.35.42
693,Bonnie,Lewis,blewisj8@senate.gov,Female,23.73.51.22
694,Judy,Wilson,jwilsonj9@wix.com,Female,190.155.39.136
695,Martha,Stewart,mstewartja@weibo.com,Female,35.194.40.157
696,Rachel,Webb,rwebbjb@marriott.com,Female,108.206.22.21
697,Gregory,Brooks,gbrooksjc@xrea.com,Male,4.205.236.86
698,Willie,Sullivan,wsullivanjd@mozilla.com,Male,59.152.58.92
699,Stephen,Cole,scoleje@army.mil,Male,83.166.144.198
700,Phillip,Warren,pwarrenjf@hhs.gov,Male,245.228.8.200
701,Jesse,Marshall,jmarshalljg@typepad.com,Male,53.100.211.149
702,Melissa,Woods,mwoodsjh@gov.uk,Female,245.181.107.87
703,Ernest,Kim,ekimji@sourceforge.net,Male,189.243.197.52
704,Johnny,Daniels,jdanielsjj@blinklist.com,Male,80.162.100.55
705,Marilyn,Bradley,mbradleyjk@istockphoto.com,Female,229.74.223.242
706,Kathleen,Day,kdayjl@china.com.cn,Female,74.120.144.8
707,Tina,Stone,tstonejm@google.fr,Female,115.20.19.184
708,Ruth,Alvarez,ralvarezjn@opensource.org,Female,7.59.6.118
709,Steve,King,skingjo@youtu.be,Male,207.78.24.12
710,Patrick,Fowler,pfowlerjp@360.cn,Male,229.80.21.169
711,Harry,Arnold,harnoldjq@senate.gov,Male,6.211.68.233
712,Albert,Jordan,ajordanjr@wunderground.com,Male,54.49.128.178
713,Adam,Powell,apowelljs@about.com,Male,28.140.221.19
714,Kathy,Watson,kwatsonjt@ed.gov,Female,61.33.223.7
715,Billy,Sullivan,bsullivanju@sakura.ne.jp,Male,232.21.204.81
716,Carol,Young,cyoungjv@ucsd.edu,Female,43.239.164.58
717,Sarah,Welch,swelchjw@deliciousdays.com,Female,36.252.144.234
718,Joan,Schmidt,jschmidtjx@bigcartel.com,Female,234.15.164.74
719,Keith,Webb,kwebbjy@trellian.com,Male,171.158.150.17
720,Sarah,Turner,sturnerjz@nps.gov,Female,68.53.163.51
721,Jack,Reynolds,jreynoldsk0@meetup.com,Male,146.200.7.94
722,Joan,Simmons,jsimmonsk1@businessinsider.com,Female,9.245.102.168
723,Julie,Lynch,jlynchk2@networksolutions.com,Female,119.114.93.18
724,Jennifer,Gonzalez,jgonzalezk3@xing.com,Female,234.169.79.50
725,Barbara,Bryant,bbryantk4@sina.com.cn,Female,129.111.183.182
726,Roy,Mills,rmillsk5@about.me,Male,112.176.202.24
727,Randy,Jenkins,rjenkinsk6@squarespace.com,Male,138.244.195.22
728,Karen,West,kwestk7@fda.gov,Female,161.199.0.116
729,Julie,Johnston,jjohnstonk8@businesswire.com,Female,101.74.237.205
730,Fred,Cook,fcookk9@smugmug.com,Male,51.149.67.106
731,Virginia,Scott,vscottka@opensource.org,Female,90.250.135.117
732,Jesse,Brown,jbrownkb@wordpress.org,Male,148.67.163.245
733,Adam,Simpson,asimpsonkc@google.co.uk,Male,230.71.242.41
734,Maria,Holmes,mholmeskd@pcworld.com,Female,114.40.10.194
735,Steven,Black,sblackke@apple.com,Male,180.61.106.167
736,Bonnie,Kennedy,bkennedykf@bbc.co.uk,Female,239.26.142.235
737,Clarence,Carpenter,ccarpenterkg@github.com,Male,135.37.202.232
738,Bruce,Freeman,bfreemankh@mapquest.com,Male,1.43.18.43
739,Mary,Simmons,msimmonski@shinystat.com,Female,250.68.97.252
740,Philip,Bailey,pbaileykj@exblog.jp,Male,120.250.21.186
741,Matthew,Peterson,mpetersonkk@yellowbook.com,Male,246.73.12.16
742,Doris,Miller,dmillerkl@1und1.de,Female,109.249.71.13
743,Jose,Ellis,jelliskm@wordpress.com,Male,24.222.144.247
744,William,Lawson,wlawsonkn@myspace.com,Male,131.138.40.156
745,Tina,Price,tpriceko@timesonline.co.uk,Female,122.32.39.145
746,Marilyn,Morris,mmorriskp@infoseek.co.jp,Female,180.155.238.133
747,Roger,Reed,rreedkq@alibaba.com,Male,179.27.153.38
748,Emily,Rivera,eriverakr@oakley.com,Female,160.18.7.183
749,Antonio,Moreno,amorenoks@washingtonpost.com,Male,29.2.235.235
750,Craig,Lopez,clopezkt@yellowbook.com,Male,171.156.1.17
751,Willie,Garza,wgarzaku@telegraph.co.uk,Male,197.80.64.179
752,Jennifer,Jenkins,jjenkinskv@hatena.ne.jp,Female,143.7.174.37
753,Arthur,Anderson,aandersonkw@simplemachines.org,Male,194.20.110.64
754,Catherine,Robertson,crobertsonkx@howstuffworks.com,Female,108.151.58.59
755,Dorothy,Robinson,drobinsonky@sogou.com,Female,119.193.119.84
756,Ruth,Johnson,rjohnsonkz@over-blog.com,Female,171.86.163.92
757,Theresa,Rogers,trogersl0@cisco.com,Female,73.82.72.210
758,Bonnie,Cook,bcookl1@friendfeed.com,Female,83.67.191.152
759,Jimmy,Murray,jmurrayl2@bigcartel.com,Male,218.151.87.31
760,Jane,Freeman,jfreemanl3@state.tx.us,Female,167.64.199.249
761,Kimberly,Grant,kgrantl4@wordpress.org,Female,79.153.38.54
762,Annie,Bell,abelll5@reverbnation.com,Female,220.164.129.191
763,Julie,Weaver,jweaverl6@google.co.uk,Female,192.187.251.180
764,Russell,Palmer,rpalmerl7@sina.com.cn,Male,27.228.61.72
765,Christina,Fowler,cfowlerl8@elpais.com,Female,225.40.234.28
766,Clarence,Carroll,ccarrolll9@arizona.edu,Male,56.77.89.131
767,Stephanie,Harvey,sharveyla@free.fr,Female,44.81.187.34
768,Kenneth,Thomas,kthomaslb@dyndns.org,Male,9.111.197.10
769,Frank,Perry,fperrylc@admin.ch,Male,251.203.152.70
770,Clarence,Grant,cgrantld@hexun.com,Male,223.41.107.92
771,Doris,Howard,dhowardle@seesaa.net,Female,252.136.134.235
772,Amy,Jenkins,ajenkinslf@hostgator.com,Female,174.32.223.157
773,Kathleen,Robertson,krobertsonlg@theglobeandmail.com,Female,98.169.69.194
774,Jeremy,Williamson,jwilliamsonlh@sciencedaily.com,Male,147.205.55.86
775,Donald,Davis,ddavisli@slate.com,Male,193.194.60.228
776,Larry,Parker,lparkerlj@1und1.de,Male,250.118.67.125
777,Chris,Williamson,cwilliamsonlk@chron.com,Male,70.241.90.134
778,Antonio,Price,apricell@shop-pro.jp,Male,132.191.237.209
779,Ronald,King,rkinglm@mapquest.com,Male,128.19.61.8
780,Brenda,Cook,bcookln@oracle.com,Female,162.117.98.8
781,Janet,Ford,jfordlo@bloomberg.com,Female,240.175.249.146
782,Keith,Stanley,kstanleylp@xing.com,Male,109.72.40.86
783,Frances,Stone,fstonelq@xing.com,Female,147.149.177.39
784,Aaron,Howard,ahowardlr@shinystat.com,Male,58.242.20.236
785,Jason,Woods,jwoodsls@kickstarter.com,Male,20.184.1.239
786,Jimmy,Davis,jdavislt@va.gov,Male,61.196.89.75
787,Bobby,Mccoy,bmccoylu@ycombinator.com,Male,181.11.189.179
788,Alice,Bailey,abaileylv@symantec.com,Female,104.135.96.102
789,Robin,Lynch,rlynchlw@nih.gov,Female,116.250.251.153
790,Kenneth,Martin,kmartinlx@nhs.uk,Male,193.77.240.172
791,Elizabeth,Harris,eharrisly@marketwatch.com,Female,130.69.188.233
792,Antonio,Scott,ascottlz@bizjournals.com,Male,221.97.241.208
793,Jerry,Lee,jleem0@hud.gov,Male,79.15.164.125
794,Daniel,Walker,dwalkerm1@prweb.com,Male,118.0.81.62
795,Joyce,Clark,jclarkm2@reddit.com,Female,67.134.67.97
796,Bruce,Grant,bgrantm3@topsy.com,Male,112.110.95.240
797,Lois,Torres,ltorresm4@techcrunch.com,Female,170.35.130.186
798,Deborah,Chavez,dchavezm5@blog.com,Female,150.183.10.52
799,Edward,Weaver,eweaverm6@prlog.org,Male,141.193.69.94
800,Phillip,Howell,phowellm7@economist.com,Male,111.211.57.43
801,Frances,Moreno,fmorenom8@unc.edu,Female,196.163.73.1
802,Aaron,Martin,amartinm9@tiny.cc,Male,97.158.6.142
803,Kimberly,Elliott,kelliottma@yale.edu,Female,194.108.23.248
804,Ruby,Carter,rcartermb@spiegel.de,Female,118.2.151.59
805,Martin,Morales,mmoralesmc@etsy.com,Male,99.53.236.214
806,Richard,Larson,rlarsonmd@latimes.com,Male,67.87.126.113
807,Carol,Lee,cleeme@dailymail.co.uk,Female,152.185.162.91
808,Kathy,Ortiz,kortizmf@uol.com.br,Female,60.255.98.171
809,Julie,Gilbert,jgilbertmg@netscape.com,Female,20.126.90.103
810,Lois,Wallace,lwallacemh@mysql.com,Female,103.48.60.145
811,Eric,Scott,escottmi@redcross.org,Male,41.141.170.187
812,Carolyn,George,cgeorgemj@chicagotribune.com,Female,56.216.14.207
813,Kimberly,Stanley,kstanleymk@mysql.com,Female,101.114.102.11
814,Gary,Simpson,gsimpsonml@desdev.cn,Male,188.249.73.52
815,David,Gordon,dgordonmm@dailymotion.com,Male,29.249.242.113
816,Henry,Meyer,hmeyermn@google.co.uk,Male,118.167.147.131
817,Katherine,Stanley,kstanleymo@studiopress.com,Female,106.161.20.13
818,Denise,Holmes,dholmesmp@cbsnews.com,Female,165.11.139.98
819,Steve,Cole,scolemq@squarespace.com,Male,106.118.219.137
820,Mary,Payne,mpaynemr@buzzfeed.com,Female,206.80.106.138
821,Joan,Warren,jwarrenms@i2i.jp,Female,182.158.187.221
822,Catherine,Burns,cburnsmt@theatlantic.com,Female,76.171.39.23
823,Wanda,Howard,whowardmu@pbs.org,Female,73.203.43.125
824,Kimberly,Hamilton,khamiltonmv@sina.com.cn,Female,45.105.72.199
825,Patrick,Sanders,psandersmw@jimdo.com,Male,167.128.198.223
826,Dorothy,Robinson,drobinsonmx@plala.or.jp,Female,217.36.190.189
827,Henry,Kelly,hkellymy@usa.gov,Male,251.1.81.41
828,Patrick,Johnson,pjohnsonmz@hc360.com,Male,194.119.190.129
829,Amanda,Brooks,abrooksn0@multiply.com,Female,163.114.44.197
830,Joyce,Fuller,jfullern1@sciencedirect.com,Female,146.136.118.23
831,Gary,Rodriguez,grodriguezn2@skype.com,Male,11.80.239.194
832,Nancy,Austin,naustinn3@hatena.ne.jp,Female,211.86.198.236
833,Theresa,Roberts,trobertsn4@time.com,Female,61.217.31.202
834,Linda,Harper,lharpern5@privacy.gov.au,Female,23.9.16.151
835,Anne,Snyder,asnydern6@businessweek.com,Female,227.120.91.255
836,Ashley,West,awestn7@simplemachines.org,Female,26.93.34.223
837,Martin,Duncan,mduncann8@state.tx.us,Male,81.159.188.87
838,Phyllis,Burns,pburnsn9@dell.com,Female,191.6.192.207
839,Kimberly,Sims,ksimsna@livejournal.com,Female,141.122.10.130
840,Jean,Reed,jreednb@tripadvisor.com,Female,126.219.188.213
841,Marilyn,Nichols,mnicholsnc@histats.com,Female,227.54.1.91
842,Diana,Russell,drussellnd@miitbeian.gov.cn,Female,130.247.77.114
843,Andrew,Price,apricene@ftc.gov,Male,65.229.125.108
844,Stephanie,Tucker,stuckernf@cnn.com,Female,151.92.114.155
845,Julia,Stewart,jstewartng@vistaprint.com,Female,2.73.73.155
846,Rebecca,Stone,rstonenh@indiatimes.com,Female,169.248.207.237
847,Robert,Kim,rkimni@prnewswire.com,Male,136.127.162.50
848,Barbara,Smith,bsmithnj@drupal.org,Female,247.215.105.52
849,Laura,Carroll,lcarrollnk@smh.com.au,Female,18.112.54.86
850,Jose,Richardson,jrichardsonnl@telegraph.co.uk,Male,4.134.229.202
851,Ashley,Lopez,alopeznm@simplemachines.org,Female,207.209.115.186
852,Pamela,Burke,pburkenn@opensource.org,Female,182.2.35.240
853,Ruby,Wilson,rwilsonno@sitemeter.com,Female,239.89.98.56
854,Peter,Henderson,phendersonnp@hostgator.com,Male,225.220.60.49
855,Tammy,Kelly,tkellynq@quantcast.com,Female,144.126.144.166
856,Mark,Gilbert,mgilbertnr@ycombinator.com,Male,187.0.25.184
857,Betty,Allen,ballenns@twitter.com,Female,77.96.81.138
858,Brandon,Reynolds,breynoldsnt@freewebs.com,Male,133.37.144.179
859,Bobby,Butler,bbutlernu@toplist.cz,Male,56.2.206.226
860,Joe,Lopez,jlopeznv@cisco.com,Male,100.84.5.116
861,Rose,Weaver,rweavernw@google.nl,Female,123.111.97.6
862,Roger,Rodriguez,rrodrigueznx@liveinternet.ru,Male,98.212.131.151
863,Harry,Gray,hgrayny@miibeian.gov.cn,Male,126.242.195.162
864,Carolyn,Edwards,cedwardsnz@redcross.org,Female,64.145.74.3
865,Edward,Boyd,eboydo0@cyberchimps.com,Male,124.1.124.237
866,Marie,Gardner,mgardnero1@amazon.co.jp,Female,59.169.29.52
867,Stephen,Baker,sbakero2@vk.com,Male,218.249.162.67
868,Martha,Fowler,mfowlero3@multiply.com,Female,84.147.173.73
869,Jeremy,Bell,jbello4@cornell.edu,Male,76.96.136.239
870,Arthur,Weaver,aweavero5@tinypic.com,Male,252.209.159.69
871,Kathy,Richards,krichardso6@va.gov,Female,40.237.174.192
872,Howard,Thomas,hthomaso7@usnews.com,Male,125.217.43.89
873,Harry,Ruiz,hruizo8@newsvine.com,Male,227.241.90.8
874,Rose,Hunter,rhuntero9@example.com,Female,16.171.193.26
875,Linda,Moreno,lmorenooa@cisco.com,Female,227.155.99.229
876,Johnny,Kelly,jkellyob@google.com.hk,Male,189.93.130.21
877,Carl,Duncan,cduncanoc@businessinsider.com,Male,207.114.205.125
878,Lillian,Rodriguez,lrodriguezod@msu.edu,Female,23.36.32.57
879,Jacqueline,Rose,jroseoe@rakuten.co.jp,Female,111.105.113.69
880,Cheryl,Hall,challof@discovery.com,Female,165.36.208.158
881,Clarence,Hansen,chansenog@bigcartel.com,Male,8.246.133.11
882,Margaret,Johnson,mjohnsonoh@parallels.com,Female,167.145.12.43
883,Walter,Hughes,whughesoi@cpanel.net,Male,87.129.103.224
884,Martha,Bowman,mbowmanoj@hp.com,Female,132.151.63.211
885,Craig,Harris,charrisok@yandex.ru,Male,169.54.221.61
886,Jose,Franklin,jfranklinol@si.edu,Male,92.35.76.236
887,Angela,Frazier,afrazierom@soundcloud.com,Female,119.84.210.107
888,Beverly,Mendoza,bmendozaon@symantec.com,Female,250.187.73.11
889,Marie,Gilbert,mgilbertoo@seattletimes.com,Female,166.20.113.11
890,Janice,Moore,jmooreop@senate.gov,Female,254.210.208.120
891,Cheryl,Watson,cwatsonoq@yahoo.co.jp,Female,218.240.36.237
892,Jerry,Mitchell,jmitchellor@adobe.com,Male,90.49.185.13
893,Mark,Hansen,mhansenos@intel.com,Male,239.72.157.206
894,Terry,Castillo,tcastilloot@blogs.com,Male,204.40.144.254
895,Gerald,Watson,gwatsonou@github.io,Male,240.83.41.252
896,Kevin,Watson,kwatsonov@netlog.com,Male,6.36.73.106
897,Amy,Alvarez,aalvarezow@ft.com,Female,108.123.52.200
898,Robin,Ortiz,rortizox@uiuc.edu,Female,5.195.229.211
899,Lois,Knight,lknightoy@zdnet.com,Female,23.123.5.62
900,Paula,Hunter,phunteroz@printfriendly.com,Female,168.101.153.192
901,Jacqueline,Gordon,jgordonp0@imdb.com,Female,99.222.23.82
902,Heather,Ferguson,hfergusonp1@discovery.com,Female,137.106.200.242
903,Linda,Berry,lberryp2@cloudflare.com,Female,101.239.154.250
904,Ann,Garcia,agarciap3@amazon.de,Female,20.81.250.167
905,Carol,Sullivan,csullivanp4@furl.net,Female,149.75.50.171
906,Jose,Taylor,jtaylorp5@ask.com,Male,67.30.49.16
907,Samuel,Mason,smasonp6@goo.gl,Male,153.115.173.246
908,Eugene,Morris,emorrisp7@oaic.gov.au,Male,45.109.206.29
909,Christina,Burns,cburnsp8@hibu.com,Female,72.11.57.100
910,Russell,Schmidt,rschmidtp9@amazon.com,Male,49.92.147.89
911,Christina,Gonzalez,cgonzalezpa@un.org,Female,183.210.132.219
912,Shawn,Cunningham,scunninghampb@parallels.com,Male,193.231.176.97
913,Virginia,Miller,vmillerpc@unc.edu,Female,120.197.167.120
914,Albert,Lewis,alewispd@github.io,Male,100.139.40.14
915,Jennifer,Arnold,jarnoldpe@ucoz.ru,Female,236.6.101.28
916,Shawn,Hanson,shansonpf@earthlink.net,Male,41.95.169.172
917,Teresa,Bailey,tbaileypg@google.cn,Female,227.99.122.154
918,Marie,Carter,mcarterph@marketwatch.com,Female,14.43.100.110
919,Mary,Holmes,mholmespi@narod.ru,Female,206.169.243.201
920,Norma,Lee,nleepj@theatlantic.com,Female,118.147.105.54
921,Elizabeth,Peterson,epetersonpk@rambler.ru,Female,116.170.211.170
922,Jacqueline,Garrett,jgarrettpl@woothemes.com,Female,130.98.123.213
923,Tina,Ford,tfordpm@usda.gov,Female,131.100.11.89
924,John,Watson,jwatsonpn@mail.ru,Male,146.152.32.65
925,Jennifer,Meyer,jmeyerpo@hatena.ne.jp,Female,216.109.161.207
926,Terry,Collins,tcollinspp@marketwatch.com,Male,241.54.114.131
927,Stephen,Stanley,sstanleypq@ftc.gov,Male,177.219.95.238
928,Kathryn,Phillips,kphillipspr@java.com,Female,96.145.104.167
929,Anthony,Ferguson,afergusonps@technorati.com,Male,232.96.214.17
930,Brian,Franklin,bfranklinpt@skype.com,Male,28.122.162.59
931,Craig,Lynch,clynchpu@buzzfeed.com,Male,181.152.67.208
932,Karen,Ramirez,kramirezpv@blogger.com,Female,87.118.147.129
933,Carl,Franklin,cfranklinpw@narod.ru,Male,52.191.130.75
934,Martha,Turner,mturnerpx@nbcnews.com,Female,73.182.87.221
935,Lisa,Watson,lwatsonpy@scribd.com,Female,138.58.9.122
936,Rachel,Ryan,rryanpz@blog.com,Female,197.251.132.110
937,Angela,George,ageorgeq0@histats.com,Female,220.70.91.190
938,Evelyn,Willis,ewillisq1@newsvine.com,Female,52.34.30.216
939,Carlos,Carpenter,ccarpenterq2@mac.com,Male,198.38.166.108
940,Brenda,Lane,blaneq3@ameblo.jp,Female,212.151.88.132
941,Marie,Little,mlittleq4@twitter.com,Female,138.250.61.18
942,Sara,Pierce,spierceq5@ehow.com,Female,134.79.132.43
943,Kathryn,West,kwestq6@toplist.cz,Female,194.69.46.237
944,Randy,Williams,rwilliamsq7@hexun.com,Male,117.41.76.241
945,Lisa,Lewis,llewisq8@hud.gov,Female,4.134.221.73
946,Arthur,Hunter,ahunterq9@nba.com,Male,115.31.71.34
947,Timothy,Gibson,tgibsonqa@fc2.com,Male,34.73.56.243
948,Robin,Cook,rcookqb@mtv.com,Female,204.253.86.171
949,Deborah,Flores,dfloresqc@parallels.com,Female,152.147.18.10
950,Julie,Gray,jgrayqd@globo.com,Female,36.14.242.113
951,Ryan,West,rwestqe@dailymotion.com,Male,65.1.230.26
952,Henry,Chavez,hchavezqf@nytimes.com,Male,128.148.207.70
953,Louis,Alexander,lalexanderqg@bandcamp.com,Male,51.94.54.16
954,Peter,Hanson,phansonqh@bizjournals.com,Male,20.94.144.80
955,Albert,Lopez,alopezqi@wix.com,Male,135.156.7.236
956,Ernest,Adams,eadamsqj@ft.com,Male,37.17.71.221
957,Gloria,Frazier,gfrazierqk@state.gov,Female,21.196.208.158
958,Steven,Robertson,srobertsonql@simplemachines.org,Male,190.212.156.177
959,Joseph,Little,jlittleqm@gov.uk,Male,39.246.174.84
960,Fred,Stewart,fstewartqn@dailymail.co.uk,Male,241.197.41.231
961,Wanda,Hart,whartqo@intel.com,Female,56.187.5.149
962,David,Hart,dhartqp@com.com,Male,84.72.141.161
963,Virginia,Anderson,vandersonqq@tripadvisor.com,Female,72.60.38.251
964,Laura,Gordon,lgordonqr@stumbleupon.com,Female,162.215.161.65
965,Amanda,Knight,aknightqs@sina.com.cn,Female,113.175.23.168
966,Steve,Bradley,sbradleyqt@blogtalkradio.com,Male,31.34.66.102
967,Wayne,Holmes,wholmesqu@hibu.com,Male,231.148.237.167
968,Dorothy,Long,dlongqv@seesaa.net,Female,156.182.210.169
969,Julia,Elliott,jelliottqw@reuters.com,Female,61.164.240.22
970,Juan,Webb,jwebbqx@ca.gov,Male,92.50.177.73
971,Ruby,Grant,rgrantqy@washingtonpost.com,Female,129.167.138.82
972,Douglas,Cook,dcookqz@blogger.com,Male,163.130.180.112
973,Raymond,Kim,rkimr0@sbwire.com,Male,9.35.52.7
974,Janet,Jackson,jjacksonr1@woothemes.com,Female,78.47.160.150
975,Phillip,Andrews,pandrewsr2@nymag.com,Male,117.243.76.137
976,Frank,Arnold,farnoldr3@opensource.org,Male,225.87.106.159
977,Diana,Mitchell,dmitchellr4@imgur.com,Female,45.194.223.79
978,Roy,Rodriguez,rrodriguezr5@aboutads.info,Male,2.105.101.207
979,Kimberly,Ferguson,kfergusonr6@123-reg.co.uk,Female,10.248.30.5
980,Jeffrey,Jacobs,jjacobsr7@ted.com,Male,113.220.71.117
981,Christina,Watson,cwatsonr8@instagram.com,Female,188.86.18.251
982,Charles,Hunt,chuntr9@dion.ne.jp,Male,159.129.115.237
983,Christopher,Williams,cwilliamsra@printfriendly.com,Male,239.195.101.93
984,Tina,Stewart,tstewartrb@who.int,Female,87.196.144.160
985,Anna,Knight,aknightrc@umich.edu,Female,126.10.157.5
986,Ronald,Riley,rrileyrd@1688.com,Male,156.17.173.238
987,Linda,Nichols,lnicholsre@blinklist.com,Female,24.95.32.66
988,Melissa,Kelley,mkelleyrf@wordpress.com,Female,135.32.103.69
989,Norma,Bradley,nbradleyrg@businesswire.com,Female,16.177.105.21
990,Kelly,Wagner,kwagnerrh@jigsy.com,Female,119.211.112.93
991,Bonnie,Edwards,bedwardsri@ocn.ne.jp,Female,101.12.216.122
992,Adam,Woods,awoodsrj@odnoklassniki.ru,Male,40.41.219.73
993,Todd,Hughes,thughesrk@etsy.com,Male,176.219.181.148
994,Justin,Flores,jfloresrl@sfgate.com,Male,55.239.18.228
995,Benjamin,Berry,bberryrm@simplemachines.org,Male,76.245.229.6
996,Alice,Butler,abutlerrn@imdb.com,Female,254.6.26.15
997,Matthew,Reid,mreidro@cnbc.com,Male,165.55.50.92
998,Janice,Duncan,jduncanrp@xing.com,Female,41.65.83.114
999,Brian,Perry,bperryrq@microsoft.com,Male,254.250.248.250
1000,Gregory,Powell,gpowellrr@oracle.com,Male,224.159.204.50